"ocid","release_id","id","title","description","status","date","amount","currency","correctedValue_amount","correctedValue_currency","enteredValue_amount","enteredValue_currency","contractPeriod_startDate","contractPeriod_endDate","contractPeriod_maxExtentDate","contractPeriod_durationInDays"
"ocds-5wno2w-RE-APJ-ASTEP-2025-028-402850","RE-APJ-ASTEP-2025-028-402850-2025-04-25T12:47:12.269Z-compiled","7955959-RE-APJ-ASTEP-2025-028","","Por cumplir con la integridad de la oferta, requisitos mínimos establecidos en el pliego de contratación y los términos de referencia propuestos por la entidad contratante.","","2025-04-09T15:12:49-05:00","331340.97","USD","","","","","","","",""
"ocds-5wno2w-RE-APJ-ESPAMMFL-2025-01-25643","RE-APJ-ESPAMMFL-2025-01-25643-2025-06-27T16:22:50.900Z-compiled","7889058-RE-APJ-ESPAMMFL-2025-01","","DE CONFORMIDAD CON EL ACTA DE ADJUDICACION","","2025-06-24T15:37:07-05:00","150000.00","USD","","","","","","","",""
"ocds-5wno2w-RE-APJ-CELECEP-2025-1004-238940","RE-APJ-CELECEP-2025-1004-238940-2025-03-19T12:12:32.130Z-compiled","7895545-RE-APJ-CELECEP-2025-1004","","Por cumplir con los requisitos, técnicos y legales solicitados en el pliego del procedimiento.","","2025-03-06T11:13:54-05:00","500000.00","USD","","","","","","","",""
"ocds-5wno2w-RE-APJ-EPCH-2025-00001-329706","RE-APJ-EPCH-2025-00001-329706-2025-03-25T11:42:19.289Z-compiled","7913379-RE-APJ-EPCH-2025-00001","","por cumplir con los parámetros de evaluación, los Términos de Referencia, oferta económicas, plazo de entrega? y producto esperado solicitado por la Empresa Pública del Complejo Turístico Chachimbiro, el plazo estimado para la ejecución del contrato es a partir de la suscripción del Contrato Administrativo.","","2025-03-19T17:01:00-05:00","6000.00","USD","","","","","","","",""
"ocds-5wno2w-RE-APJ-EPMRQ-2025-001-289323","RE-APJ-EPMRQ-2025-001-289323-2025-03-20T12:42:14.026Z-compiled","7919906-RE-APJ-EPMRQ-2025-001","","CUMPLE CON TODO LO SOLICITADO POR LA EMPRESA METROPOLITANA RASTRO QUITO.","","2025-03-18T15:09:52-05:00","15000.00","USD","","","","","","","",""
"ocds-5wno2w-RE-APJ-GADPNAM-2025-001-112708","RE-APJ-GADPNAM-2025-001-112708-2025-04-16T12:41:41.695Z-compiled","7989807-RE-APJ-GADPNAM-2025-001","","Se adjudica de conformidad al Art. 32 de la LOSNCP","","2025-04-15T14:01:40-05:00","3000.00","USD","","","","","","","",""
"ocds-5wno2w-RE-APJ-BIESS-2025-002-278089","RE-APJ-BIESS-2025-002-278089-2025-05-17T12:56:17.124Z-compiled","7988453-RE-APJ-BIESS-2025-002","","Artículo 1.- ADJUDICAR a BORJA TACO HÉCTOR DARIO con RUC No. 1720836178001, el procedimiento de Régimen Especial de Asesoría Legal y Patrocinio Jurídico  signado con el código RE-APJ-BIESS-2025-002  cuyo objeto es la ASESORÍA LEGAL Y PATROCINIO JURÍDICO PARA LA DEFENSA DE LOS INTERESES INSTITUCIONALES DEL BIESS DENTRO DEL PROCESO DE ARBITRAJE Y CONCILIACIÓN ARBITRAJE NO. 006-24, PROPUESTO POR LA EMPRESA SEGUROS SUCRE S.A. QUE LLEVA A CABO EN EL CENTRO DE ARBITRAJE Y CONCILIACIÓN DE LA CÁMARA DE COMERCIO DE GUAYAQUIL, por un valor de USD 137.000,00 Ciento Treinta y Siete Mil con 00/100 dólares de los Estados Unidos de América con 00/100, más IVA y  cuyo plazo de ejecución para  esta contratación es de 840 días calendario o hasta obtener la sentencia última instancia favorable al BIESS o acuerdo extrajudicial, lo que suceda primero contados a partir de la notificación del anticipo","","2025-04-21T17:11:37-05:00","137000.00","USD","","","","","2025-04-28T00:00:00-05:00","2027-08-16T00:00:00-05:00","","840"
"ocds-5wno2w-RE-APJ-ARCONEL2025-004-1215959","RE-APJ-ARCONEL2025-004-1215959-2025-03-28T11:49:43.124Z-compiled","7923533-RE-APJ-ARCONEL2025-004","","el contrato del procedimiento de Régimen Especial: ?ASESORÍAY PATROCINIO EN MATERIA JURÍDICA?, contemplado en el artículo 193 delReglamento General a la Ley Orgánica del Sistema Nacional de Contratación Pública para: ?CONTRATACIÓN DE ASESORÍA LEGAL Y PATROCINIO JURÍDICO PARA LADEFENSA DE LOS INTERESES INSTITUCIONALES DE LA AGENCIA DEREGULACIÓN Y CONTROL DE ELECTRICIDAD, DENTRO DEL PROCESO DEARBITRAJE NRO. 158-24, PROPUESTO POR LA COMPAÑÍA INTERVISATRADE S.A. QUE SE LLEVA A CABO EN EL CENTRO DE ARBITRAJE Y MEDIACIÓNDE LA CÁMARA DE COMERCIO DE QUITO? al adjudicatario Abg. Noboa CarriónEsteban José con RUC Nro. 0917291981001","","2025-03-21T08:57:10-05:00","350000.00","USD","","","","","","","",""
"ocds-5wno2w-RE-APJ-GADPN-2025-001-58415","RE-APJ-GADPN-2025-001-58415-2025-04-03T12:02:05.627Z-compiled","7937768-RE-APJ-GADPN-2025-001","","POR CUMPLIR CON LO ESTABLECIDO EN LOS PLIEGOS Y TERMINOS DE REFERENCIA, SEGUN LA CALIFICACION DEL DELEGADO DE LA MAXIMA AUTORIDAD","","2025-03-27T14:26:54-05:00","10000.00","USD","","","","","","","",""
"ocds-5wno2w-RE-APJ-GAD-MCS-2025-01-57127","RE-APJ-GAD-MCS-2025-01-57127-2025-04-22T12:19:06.159Z-compiled","7981239-RE-APJ-GAD-MCS-2025-01","","por ser idónea desde el punto de vista jurídico y haber cumplido con los requisitos establecidos en los pliegos, de conformidad con Ia Ley Orgánica del Sistema Nacional de Contratación Pública, su Reglamento de Aplicación y demás resoluciones vigentes del SERCOP","","2025-04-21T14:01:31-05:00","100000.00","USD","","","","","","","",""
"ocds-5wno2w-RE-APJ-CFNGYE-2025-001-2469","RE-APJ-CFNGYE-2025-001-2469-2025-06-07T15:46:38.685Z-compiled","8025462-RE-APJ-CFNGYE-2025-001","","Adjudicación procedimiento de Régimen Especial de Asesoría y Patrocinio Jurídico","","2025-05-09T18:19:32-05:00","173913.04","USD","","","","","","","",""
"ocds-5wno2w-RE-APJ-EMOVPA-2025-00001-835371","RE-APJ-EMOVPA-2025-00001-835371-2025-05-21T15:10:21.427Z-compiled","8078276-RE-APJ-EMOVPA-2025-00001","","CUMPLE CON LO SOLICITADO POR LA ENTIDAD.","","2025-05-14T16:31:07-05:00","10000.00","USD","","","","","","","",""
"ocds-5wno2w-RE-APJ-UTLVTE-2025-001-75445","RE-APJ-UTLVTE-2025-001-75445-2025-05-21T15:12:09.762Z-compiled","8025459-RE-APJ-UTLVTE-2025-001","","RESUELVE:Art. PRIMERO. - ADJUDICAR, el proceso de Régimen Especial de Obra Nro. APJ-UTELVT-2025-001,para la ejecución de para la ?CONTRATACIÓN DE SERVICIO DE ASESORÍA Y PATROCINIO JURÍDICOEN PROCESO JUDICIALES, CONSTITUCIONALES Y EN PROCESOS ADMINISTRATIVOS DE LA UTLVTE?,al señor Abg. RIVADENEIRA RIVADENEIRA ALEX BLADIMIR, con número de RUC: 1400754618001, porel valor de $ 15.000,00 quince mil dólares americanos con 00/100 sin IVA, plazo de ejecución delcontrato es de 300 días, contados desde la fecha de notificación del anticipo.","","2025-05-20T16:19:52-05:00","15000.00","USD","","","","","","","",""
"ocds-5wno2w-RE-APJ-EPMT-SD-2025-01-479584","RE-APJ-EPMT-SD-2025-01-479584-2025-06-07T15:48:46.763Z-compiled","8070288-RE-APJ-EPMT-SD-2025-01","","CUMPLE CON LO SOLICITADO POR LA EPMT-SD","","2025-06-06T15:09:38-05:00","150000.00","USD","","","","","","","",""
"ocds-5wno2w-RE-APJ-UTN-2025-04-83514","RE-APJ-UTN-2025-04-83514-2025-07-09T17:50:11.755Z-compiled","8128646-RE-APJ-UTN-2025-04","","La Comisión Técnica designada para la Etapa Precontractual del proceso, informa ??Con lo expuesto anteriormente, la Comisión Técnica informa al Ph.D Miguel Naranjo Toro, Rector de la Universidad Técnica del Norte la oferta que cumple con las condiciones técnicas, económicas-financieras y/o jurídicas Personal Técnico Mínimo, Experiencia General Mínima, Experiencia Específica Mínima, Especificaciones Técnicas o Términos de Referencia, Características del perfil profesional requerido, Formación, Competencias y capacidades generales y específicas, Experiencia en materias o áreasde derecho sobre las cuales versará la materia del contrato establecidas en el pliego del proceso es LENIN VLADIMIR LÓPEZ MORILLO con RUC 0401301882001, por lo que se RECOMIENDA la adjudicación de conformidad a lo establecido en la página 33 del pliego: ?Aquella oferta que cumpla integralmente con los parámetros mínimos, será adjudicada, caso contrario será descalificada.","","2025-06-10T17:24:44-05:00","210000.00","USD","","","","","","","",""
"ocds-5wno2w-RE-APJ-RIELESDEMONAY-2025-00001-260566","RE-APJ-RIELESDEMONAY-2025-00001-260566-2025-05-21T15:12:14.775Z","8106115-RE-APJ-RIELESDEMONAY-2025-00001","","CUMPLE CON LOS PLIEGOS Y TDR","","2025-05-20T15:59:20-05:00","11900.00","USD","","","","","","","",""
"ocds-5wno2w-RE-APJ-ETAPA-2025-01-312203","RE-APJ-ETAPA-2025-01-312203-2025-06-11T15:50:20.514Z-compiled","8128850-RE-APJ-ETAPA-2025-01","","Por cumplir con los requisitos de los pliegos y ser conveniente para los intereses institucionales.","","2025-06-04T09:41:43-05:00","30000.00","USD","","","","","","","",""
"ocds-5wno2w-RE-APJ-EMAPAG-EP-2025-27-439831","RE-APJ-EMAPAG-EP-2025-27-439831-2025-06-26T16:27:36.415Z-compiled","8174972-RE-APJ-EMAPAG-EP-2025-27","","POR SER CONVENIENTE PARA LOS INTERESES INSTITUCIONALES","","2025-06-18T15:14:26-05:00","36000.00","USD","","","","","","","",""
"ocds-5wno2w-RE-APJ-GAD-JULIOANDRADE-CARCHI-2025-001-176401","RE-APJ-GAD-JULIOANDRADE-CARCHI-2025-001-176401-2025-06-11T15:50:20.151Z-compiled","8116943-RE-APJ-GAD-JULIOANDRADE-CARCHI-2025-001","","Por cumplir con la integridad de la oferta, términos de referencia y requisitos mínimos establecidos en el pliego.","","2025-05-27T16:55:24-05:00","500.00","USD","","","","","","","",""
"ocds-5wno2w-RE-APJ-CEMMI-2025-001-248959","RE-APJ-CEMMI-2025-001-248959-2025-06-19T16:56:32.221Z-compiled","8166149-RE-APJ-CEMMI-2025-001","","Cumple con lo establecido en el pliego y terminos de referencia","","2025-06-16T16:07:26-05:00","2500.00","USD","","","","","","","",""
"ocds-5wno2w-RE-APJ-CBCLA-2025-01-87780","RE-APJ-CBCLA-2025-01-87780-2025-06-27T16:25:44.349Z-compiled","8177331-RE-APJ-CBCLA-2025-01","","por cumplir integralmente con los parámetros mínimos exigidos de conformidad con lo establecido en el pliego","","2025-06-23T16:41:11-05:00","8000.00","USD","","","","","","","",""
"ocds-5wno2w-RE-APJ-EPCBM-2025-00001-367572","RE-APJ-EPCBM-2025-00001-367572-2025-08-14T17:42:37.258Z-compiled","8259280-RE-APJ-EPCBM-2025-00001","","CUMPLE CON LO REQUERIDO POR LA ENTIDAD CONTRATANTE","","2025-07-24T08:52:06-05:00","12000.00","USD","","","","","","","",""
"ocds-5wno2w-RE-APJ-GADM-IBARRA-2025-012-2783","RE-APJ-GADM-IBARRA-2025-012-2783-2025-08-12T22:45:29.603Z-compiled","8259343-RE-APJ-GADM-IBARRA-2025-012","","DE CONFORMIDAD CON EL INFORME REMITIDO POR EL DELEGADO Y LA RESOLUCION EMITIDA POR LA MAXIMA AUTORIDAD","","2025-07-29T14:00:47-05:00","60000.00","USD","","","","","","","",""
"ocds-5wno2w-RE-APJ-BCE-2025-001-2457","RE-APJ-BCE-2025-001-2457-2025-10-17T19:46:34.084Z-compiled","8427485-RE-APJ-BCE-2025-001","","EN VIRTUD QUE SU OFERTA CUMPLE CON LAS CONDICIONES MÍNIMAS DE CALIDAD, FINANCIERAS Y LEGALES, EXIGIDAS EN LOS DOCUMENTOS LEGALES, CONFORME LOS ARTÍCULOS 89 Y 193 DEL Reglamente General de aplicación de la LOSNCP, vigentes a la fecha de publicación del proceso.","","2025-10-17T12:02:35-05:00","87996.00","USD","","","","","","","",""
"ocds-5wno2w-RE-APJ-CBMM-2025-008-22249","RE-APJ-CBMM-2025-008-22249-2025-08-12T22:34:14.118Z-compiled","8248212-RE-APJ-CBMM-2025-008","","Cumple con lo solicitado en los pliegos","","2025-07-28T16:53:37-05:00","15000.00","USD","","","","","2025-07-31T00:00:00-05:00","2026-07-31T00:00:00-05:00","","365"
"ocds-5wno2w-RE-APJ-EPMHVR-2025-002-734536","RE-APJ-EPMHVR-2025-002-734536-2025-09-02T19:12:58.823Z-compiled","8359042-RE-APJ-EPMHVR-2025-002","","ADJUDICAR el presente concurso de Régimen Especial de código RE-APJ-EPMHVR-2025-002, en base al Acta de Calificación de Ofertas Nro. 003 y el acta de recomendación de adjudicaciónnro. 004, suscritas por la Ing. Katherine Guamba, a la compañía BALLARD & BALLARD ECUADORLEGAL SERVICES S.A. con número de RUC 1792320763001, para la contratación del servicio de?ASESORÍA JURÍDICA ESPECIALIZADA EN MATERIA DE DERECHO PÚBLICO,ADMINISTRATIVO Y CAPACIDADES ASOCIATIVAS PARA LA EMPRESA PÚBLICA MUNICIPAL DEHÁBITAT Y VIVIENDA DE RUMIÑAHUI.?, por un valor de USD 25.000,00 veinticinco mil dólares delos Estados Unidos de América, con un plazo de 180 días contados a partir del día siguiente a lasuscripción del contrato.","","2025-09-01T16:20:47-05:00","25000.00","USD","","","","","","","",""
"ocds-5wno2w-RE-APJ-ESPOCH-2025-03-53390","RE-APJ-ESPOCH-2025-03-53390-2025-09-10T20:09:44.614Z-compiled","8357206-RE-APJ-ESPOCH-2025-03","","El oferente CUMPLE con los requisitos mínimos de la oferta","","2025-09-01T10:39:43-05:00","27000.00","USD","","","","","","","",""
"ocds-5wno2w-RE-APJ-STCTEA-2025-001-918125","RE-APJ-STCTEA-2025-001-918125-2025-09-12T19:12:03.418Z-compiled","8362159-RE-APJ-STCTEA-2025-001","","Cumple con todo lo solicitado en los TDR","","2025-09-08T08:11:20-05:00","13500.00","USD","","","","","","","",""
"ocds-5wno2w-RE-APJ-UNACH-2025-002-124774","RE-APJ-UNACH-2025-002-124774-2025-09-16T19:10:53.827Z-compiled","8367844-RE-APJ-UNACH-2025-002","","ADJUDICAR el procedimiento de REGIMEN ESPECIAL – ASESORÍA JURÍDICA Y/O PATROCINIO JURÍDICO No. RE-APJ-UNACH-2025-002, cuyo objeto es la CONTRATACIÓN DEL SERVICIO DE ASESORÍA Y PATROCINIO JURÍDICOEXTERNO ESPECIALIZADO EN LITIGIOS DE CONTRATACIÓN PÚBLICA, CONTENCIOSO ADMINISTRATIVO Y CONSTITUCIONAL PARA LA DEFENSA DE LOS INTERESES INSTITUCIONALES DE LA UNACH, AÑO 2025, a: Estudio Jurídico Morales & Andrade Asociados Cía. Ltda., con RUC No. 1791950836001, por un valor de USD. 25.000,00 VEINTE Y CINCO MIL 00/100 DÓLARES DE LOS ESTADOS UNIDOS DE AMÉRICA SIN INCLUIR IMPUESTOS","","2025-09-08T17:33:21-05:00","25000.00","USD","","","","","","","",""
