"ocid","id","initiationType","buyer_id","buyer_name","language","date","tag"
"ocds-5wno2w-RE-APJ-ASTEP-2025-028-402850","RE-APJ-ASTEP-2025-028-402850-2025-04-25T12:47:12.269Z-compiled","tender","EC-RUC-0968594300001-402850","ASTILLEROS NAVALES ECUATORIANOS - ASTINAVE EP  -","es","2025-04-25T07:51:17-05:00","[""planning"",""tender"",""award"",""contract""]"
"ocds-5wno2w-RE-APJ-ESPAMMFL-2025-01-25643","RE-APJ-ESPAMMFL-2025-01-25643-2025-06-27T16:22:50.900Z-compiled","tender","EC-RUC-1360023840001-25643","Escuela Superior Politecnica Agropecuaria de Manabi ""Manuel Felix Lopez""","es","2025-06-27T11:31:49-05:00","[""planning"",""tender"",""award"",""contract""]"
"ocds-5wno2w-RE-APJ-CELECEP-2025-1004-238940","RE-APJ-CELECEP-2025-1004-238940-2025-03-19T12:12:32.130Z-compiled","tender","EC-RUC-1768152800001-238940","CORPORACION ELECTRICA DEL ECUADOR CELEC EP.","es","2025-03-19T07:14:06-05:00","[""planning"",""tender"",""award"",""contract""]"
"ocds-5wno2w-RE-APJ-EPCH-2025-00001-329706","RE-APJ-EPCH-2025-00001-329706-2025-03-25T11:42:19.289Z-compiled","tender","EC-RUC-1060032030001-329706","EMPRESA PUBLICA DEL COMPLEJO TURISTICO DE CHACHIMBIRO","es","2025-03-25T06:44:19-05:00","[""planning"",""tender"",""award"",""contract""]"
"ocds-5wno2w-RE-APJ-EPMRQ-2025-001-289323","RE-APJ-EPMRQ-2025-001-289323-2025-03-20T12:42:14.026Z-compiled","tender","EC-RUC-1768157280001-289323","EMPRESA PUBLICA METROPOLITANA DE RASTRO QUITO","es","2025-03-20T07:44:04-05:00","[""planning"",""tender"",""award"",""contract""]"
"ocds-5wno2w-RE-APJ-GADPNAM-2025-001-112708","RE-APJ-GADPNAM-2025-001-112708-2025-04-16T12:41:41.695Z-compiled","tender","EC-RUC-1160024500001-112708","GOBIERNO AUTONOMO DESCENTRALIZADO PARROQUIAL DE NAMBACOLA","es","2025-04-16T07:44:03-05:00","[""planning"",""tender"",""award""]"
"ocds-5wno2w-RE-APJ-BIESS-2025-002-278089","RE-APJ-BIESS-2025-002-278089-2025-05-17T12:56:17.124Z-compiled","tender","EC-RUC-1768156470001-278089","BANCO DEL INSTITUTO ECUATORIANO DE SEGURIDAD SOCIAL","es","2025-05-17T08:01:10-05:00","[""planning"",""tender"",""award"",""contract""]"
"ocds-5wno2w-RE-APJ-UTN-2025-01-83514","RE-APJ-UTN-2025-01-83514-2025-04-10T12:40:12.371Z-compiled","tender","EC-RUC-1060001070001-83514","Universidad Técnica del Norte","es","2025-04-10T07:40:56-05:00","[""planning"",""tender""]"
"ocds-5wno2w-RE-APJ-ARCONEL2025-004-1215959","RE-APJ-ARCONEL2025-004-1215959-2025-03-28T11:49:43.124Z-compiled","tender","EC-RUC-1798194867001-1215959","AGENCIA DE REGULACION Y CONTROL DE ELECTRICIDAD","es","2025-03-28T06:52:10-05:00","[""planning"",""tender"",""award"",""contract""]"
"ocds-5wno2w-RE-APJ-GADPN-2025-001-58415","RE-APJ-GADPN-2025-001-58415-2025-04-03T12:02:05.627Z-compiled","tender","EC-RUC-1560000190001-58415","GAD PROVINCIAL DE NAPO","es","2025-04-03T07:04:23-05:00","[""planning"",""tender"",""award"",""contract""]"
"ocds-5wno2w-RE-APJ-GAD-MCS-2025-01-57127","RE-APJ-GAD-MCS-2025-01-57127-2025-04-22T12:19:06.159Z-compiled","tender","EC-RUC-0960001460001-57127","GOBIERNO AUTONOMO DESCENTRALIZADO MUNICIPAL DEL CANTON SAMBORONDON","es","2025-04-22T07:21:03-05:00","[""planning"",""tender"",""award""]"
"ocds-5wno2w-RE-APJ-CFNGYE-2025-001-2469","RE-APJ-CFNGYE-2025-001-2469-2025-06-07T15:46:38.685Z-compiled","tender","EC-RUC-1760003090001-2469","CORPORACION FINANCIERA NACIONAL B.P.","es","2025-06-07T10:52:10-05:00","[""planning"",""tender"",""award"",""contract""]"
"ocds-5wno2w-RE-APJ-EMOVPA-2025-00001-835371","RE-APJ-EMOVPA-2025-00001-835371-2025-05-21T15:10:21.427Z-compiled","tender","EC-RUC-0160062620001-835371","EMPRESA PUBLICA MUNICIPAL DE MOVILIDAD DEL CANTON PAUTE EMOVPAUTE EP","es","2025-05-21T10:16:17-05:00","[""planning"",""tender"",""award"",""contract""]"
"ocds-5wno2w-RE-APJ-UTLVTE-2025-001-75445","RE-APJ-UTLVTE-2025-001-75445-2025-05-21T15:12:09.762Z-compiled","tender","EC-RUC-0860000830001-75445","Universidad Técnica Luis Vargas Torres","es","2025-05-21T10:16:18-05:00","[""planning"",""tender"",""award""]"
"ocds-5wno2w-RE-APJ-EPMT-SD-2025-01-479584","RE-APJ-EPMT-SD-2025-01-479584-2025-06-07T15:48:46.763Z-compiled","tender","EC-RUC-2360005400001-479584","EMPRESA PUBLICA MUNICIPAL DE TRANSPORTE TERRESTRE, TRANSITO, SEGURIDAD VIAL Y TERMINALES TERRESTRES DE SANTO DOMINGO EPMT-SD","es","2025-06-07T10:52:10-05:00","[""planning"",""tender"",""award""]"
"ocds-5wno2w-RE-APJ-UTN-2025-04-83514","RE-APJ-UTN-2025-04-83514-2025-07-09T17:50:11.755Z-compiled","tender","EC-RUC-1060001070001-83514","Universidad Técnica del Norte","es","2025-07-09T12:56:52-05:00","[""planning"",""tender"",""award"",""contract""]"
"ocds-5wno2w-RE-APJ-UNACH-2025-001-124774","RE-APJ-UNACH-2025-001-124774-2025-07-07T17:57:40.856Z-compiled","tender","EC-RUC-0660001840001-124774","Universidad Nacional de Chimborazo","es","2025-07-07T12:58:21-05:00","[""planning"",""tender""]"
"ocds-5wno2w-RE-APJ-RIELESDEMONAY-2025-00001-260566","RE-APJ-RIELESDEMONAY-2025-00001-260566-2025-05-21T15:12:14.775Z","tender","EC-RUC-1792237262001-260566","Fideicomiso Rieles de Monay","es","2025-05-15T00:00:00-05:00","[""planning"",""tender"",""award""]"
"ocds-5wno2w-RE-APJ-ETAPA-2025-01-312203","RE-APJ-ETAPA-2025-01-312203-2025-06-11T15:50:20.514Z-compiled","tender","EC-RUC-0160050020001-312203","Empresa Pública Municipal de Telecomunicaciones, Agua Potable, Alcantarillado y Saneamiento de Cuenca ETAPA EP","es","2025-06-11T10:56:00-05:00","[""planning"",""tender"",""award"",""contract""]"
"ocds-5wno2w-RE-APJ-EMAPAG-EP-2025-27-439831","RE-APJ-EMAPAG-EP-2025-27-439831-2025-06-26T16:27:36.415Z-compiled","tender","EC-RUC-0968595970001-439831","EMPRESA MUNICIPAL DE AGUA POTABLE Y ALCANTARILLADO DE GUAYAQUIL EP - EMAPAG EP","es","2025-06-26T11:34:17-05:00","[""planning"",""tender"",""award"",""contract""]"
"ocds-5wno2w-RE-APJ-GAD-JULIOANDRADE-CARCHI-2025-001-176401","RE-APJ-GAD-JULIOANDRADE-CARCHI-2025-001-176401-2025-06-11T15:50:20.151Z-compiled","tender","EC-RUC-0460022020001-176401","Junta Parroquial de Julio Andrade","es","2025-06-11T10:56:01-05:00","[""planning"",""tender"",""award"",""contract""]"
"ocds-5wno2w-RE-APJ-CEMMI-2025-001-248959","RE-APJ-CEMMI-2025-001-248959-2025-06-19T16:56:32.221Z-compiled","tender","EC-RUC-1091704338001-248959","COMPAÑIA DE ECONOMIA MIXTA MERCADO MAYORISTA DE IBARRA COMERCIBARRA","es","2025-06-19T12:02:58-05:00","[""planning"",""tender"",""award"",""contract""]"
"ocds-5wno2w-RE-APJ-CBCLA-2025-01-87780","RE-APJ-CBCLA-2025-01-87780-2025-06-27T16:25:44.349Z-compiled","tender","EC-RUC-2160058640001-87780","CUERPO DE BOMBEROS DEL CANTON LAGO AGRIO","es","2025-06-27T11:31:49-05:00","[""planning"",""tender"",""award"",""contract""]"
"ocds-5wno2w-RE-APJ-EPCBM-2025-00001-367572","RE-APJ-EPCBM-2025-00001-367572-2025-08-14T17:42:37.258Z-compiled","tender","EC-RUC-0968591390001-367572","Empresa Publica Cuerpo de Bomberos de Milagro EP-CBM","es","2025-08-14T12:49:07-05:00","[""planning"",""tender"",""award"",""contract""]"
"ocds-5wno2w-RE-APJ-GADM-IBARRA-2025-012-2783","RE-APJ-GADM-IBARRA-2025-012-2783-2025-08-12T22:45:29.603Z-compiled","tender","EC-RUC-1060000260001-2783","GOBIERNO AUTONOMO DESCENTRALIZADO DE SAN MIGUEL DE IBARRA","es","2025-08-12T18:20:59-05:00","[""planning"",""tender"",""award""]"
"ocds-5wno2w-RE-APJ-BCE-2025-001-2457","RE-APJ-BCE-2025-001-2457-2025-10-17T19:46:34.084Z-compiled","tender","EC-RUC-1760002600001-2457","BANCO CENTRAL DEL ECUADOR","es","2025-10-17T14:49:06-05:00","[""planning"",""tender"",""award""]"
"ocds-5wno2w-RE-APJ-CBMM-2025-008-22249","RE-APJ-CBMM-2025-008-22249-2025-08-12T22:34:14.118Z-compiled","tender","EC-RUC-1768099810001-22249","CUERPO DE BOMBEROS MUNICIPAL DE MACHALA","es","2025-08-12T18:20:58-05:00","[""planning"",""tender"",""award"",""contract""]"
"ocds-5wno2w-RE-APJ-EPMHVR-2025-002-734536","RE-APJ-EPMHVR-2025-002-734536-2025-09-02T19:12:58.823Z-compiled","tender","EC-RUC-1768185060001-734536","EMPRESA PUBLICA MUNICIPAL DE HABITAT Y VIVIENDA DE RUMIÑAHUI","es","2025-09-02T14:15:29-05:00","[""planning"",""tender"",""award""]"
"ocds-5wno2w-RE-APJ-ESPOCH-2025-03-53390","RE-APJ-ESPOCH-2025-03-53390-2025-09-10T20:09:44.614Z-compiled","tender","EC-RUC-0660001250001-53390","ESCUELA SUPERIOR POLITECNICA DE CHIMBORAZO","es","2025-09-10T15:16:47-05:00","[""planning"",""tender"",""award"",""contract""]"
"ocds-5wno2w-RE-APJ-STCTEA-2025-001-918125","RE-APJ-STCTEA-2025-001-918125-2025-09-12T19:12:03.418Z-compiled","tender","EC-RUC-1660018700001-918125","SECRETARIA TECNICA DE LA CIRCUNSCRIPCION TERRITORIAL ESPECIAL AMAZONICA","es","2025-09-12T14:17:38-05:00","[""planning"",""tender"",""award"",""contract""]"
"ocds-5wno2w-RE-APJ-UNACH-2025-002-124774","RE-APJ-UNACH-2025-002-124774-2025-09-16T19:10:53.827Z-compiled","tender","EC-RUC-0660001840001-124774","Universidad Nacional de Chimborazo","es","2025-09-16T14:16:43-05:00","[""planning"",""tender"",""award"",""contract""]"
"ocds-5wno2w-RE-APJ-CFNGYE-2025-002-2469","RE-APJ-CFNGYE-2025-002-2469-2025-10-18T19:25:52.879Z-compiled","tender","EC-RUC-1760003090001-2469","CORPORACION FINANCIERA NACIONAL B.P.","es","2025-10-18T14:26:32-05:00","[""planning"",""tender""]"
"ocds-5wno2w-RE-APJ-BCBG-2025-0016-2528","RE-APJ-BCBG-2025-0016-2528-2025-10-17T19:48:13.484Z-compiled","tender","EC-RUC-0968514210001-2528","BENEMERITO CUERPO DE BOMBEROS DE GUAYAQUIL  ","es","2025-10-17T14:49:06-05:00","[""planning"",""tender""]"
