"ocid","release_id","award_id","id","name"
"ocds-5wno2w-RE-APJ-ASTEP-2025-028-402850","RE-APJ-ASTEP-2025-028-402850-2025-04-25T12:47:12.269Z-compiled","7955959-RE-APJ-ASTEP-2025-028","EC-RUC-0993139904001-1018852","FACTUMVERITAS S.A."
"ocds-5wno2w-RE-APJ-ESPAMMFL-2025-01-25643","RE-APJ-ESPAMMFL-2025-01-25643-2025-06-27T16:22:50.900Z-compiled","7889058-RE-APJ-ESPAMMFL-2025-01","EC-RUC-1312566837001-546322","CALDERON CARPIO GEMA GABRIELA"
"ocds-5wno2w-RE-APJ-CELECEP-2025-1004-238940","RE-APJ-CELECEP-2025-1004-238940-2025-03-19T12:12:32.130Z-compiled","7895545-RE-APJ-CELECEP-2025-1004","EC-RUC-1792970601001-938013","EGRED ABOGADOS S.A."
"ocds-5wno2w-RE-APJ-EPCH-2025-00001-329706","RE-APJ-EPCH-2025-00001-329706-2025-03-25T11:42:19.289Z-compiled","7913379-RE-APJ-EPCH-2025-00001","EC-RUC-1001714011001-1239766","MORAN HERNANDEZ GERMAN MAURICIO"
"ocds-5wno2w-RE-APJ-EPMRQ-2025-001-289323","RE-APJ-EPMRQ-2025-001-289323-2025-03-20T12:42:14.026Z-compiled","7919906-RE-APJ-EPMRQ-2025-001","EC-RUC-1719623355001-996624","SANCHEZ DOMINGUEZ AURELIO RAMIRO"
"ocds-5wno2w-RE-APJ-GADPNAM-2025-001-112708","RE-APJ-GADPNAM-2025-001-112708-2025-04-16T12:41:41.695Z-compiled","7989807-RE-APJ-GADPNAM-2025-001","EC-RUC-0705402253001-1244213","SARANGO FAJARDO DARWIN VICENTE"
"ocds-5wno2w-RE-APJ-BIESS-2025-002-278089","RE-APJ-BIESS-2025-002-278089-2025-05-17T12:56:17.124Z-compiled","7988453-RE-APJ-BIESS-2025-002","EC-RUC-1720836178001-1235090","BORJA TACO HECTOR DARIO"
"ocds-5wno2w-RE-APJ-ARCONEL2025-004-1215959","RE-APJ-ARCONEL2025-004-1215959-2025-03-28T11:49:43.124Z-compiled","7923533-RE-APJ-ARCONEL2025-004","EC-RUC-0917291981001-1238621","NOBOA CARRION ESTEBAN JOSE"
"ocds-5wno2w-RE-APJ-GADPN-2025-001-58415","RE-APJ-GADPN-2025-001-58415-2025-04-03T12:02:05.627Z-compiled","7937768-RE-APJ-GADPN-2025-001","EC-RUC-1713842514001-1160195","SILVA ESPIN JORGE LUIS"
"ocds-5wno2w-RE-APJ-GAD-MCS-2025-01-57127","RE-APJ-GAD-MCS-2025-01-57127-2025-04-22T12:19:06.159Z-compiled","7981239-RE-APJ-GAD-MCS-2025-01","EC-RUC-0916412042001-396822","MORA CORDOVA DANNY FRANCISCO"
"ocds-5wno2w-RE-APJ-CFNGYE-2025-001-2469","RE-APJ-CFNGYE-2025-001-2469-2025-06-07T15:46:38.685Z-compiled","8025462-RE-APJ-CFNGYE-2025-001","EC-RUC-2450038928001-1244860","MACIAS SOLORZANO JOSUE EMILIO"
"ocds-5wno2w-RE-APJ-EMOVPA-2025-00001-835371","RE-APJ-EMOVPA-2025-00001-835371-2025-05-21T15:10:21.427Z-compiled","8078276-RE-APJ-EMOVPA-2025-00001","EC-RUC-0105488076001-880750","VAZQUEZ OCHOA PAUL ANDRES"
"ocds-5wno2w-RE-APJ-UTLVTE-2025-001-75445","RE-APJ-UTLVTE-2025-001-75445-2025-05-21T15:12:09.762Z-compiled","8025459-RE-APJ-UTLVTE-2025-001","EC-RUC-1400754618001-922581","RIVADENEIRA RIVADENEIRA ALEX BLADIMIR"
"ocds-5wno2w-RE-APJ-EPMT-SD-2025-01-479584","RE-APJ-EPMT-SD-2025-01-479584-2025-06-07T15:48:46.763Z-compiled","8070288-RE-APJ-EPMT-SD-2025-01","EC-RUC-1791949005001-136023","PROFILEGAL CIA. LTDA."
"ocds-5wno2w-RE-APJ-UTN-2025-04-83514","RE-APJ-UTN-2025-04-83514-2025-07-09T17:50:11.755Z-compiled","8128646-RE-APJ-UTN-2025-04","EC-RUC-0401301882001-216396","LOPEZ MORILLO LENIN VLADIMIR"
"ocds-5wno2w-RE-APJ-RIELESDEMONAY-2025-00001-260566","RE-APJ-RIELESDEMONAY-2025-00001-260566-2025-05-21T15:12:14.775Z","8106115-RE-APJ-RIELESDEMONAY-2025-00001","EC-RUC-0925014292001-1208514","SOLARI DAVILA EVELYN TATIANA"
"ocds-5wno2w-RE-APJ-ETAPA-2025-01-312203","RE-APJ-ETAPA-2025-01-312203-2025-06-11T15:50:20.514Z-compiled","8128850-RE-APJ-ETAPA-2025-01","EC-RUC-0190490424001-1062878","ESTUDIOCENTRAL S.A.S."
"ocds-5wno2w-RE-APJ-EMAPAG-EP-2025-27-439831","RE-APJ-EMAPAG-EP-2025-27-439831-2025-06-26T16:27:36.415Z-compiled","8174972-RE-APJ-EMAPAG-EP-2025-27","EC-RUC-0993210889001-1158553","VIZUETA ABOGADOS XVR S.A."
"ocds-5wno2w-RE-APJ-GAD-JULIOANDRADE-CARCHI-2025-001-176401","RE-APJ-GAD-JULIOANDRADE-CARCHI-2025-001-176401-2025-06-11T15:50:20.151Z-compiled","8116943-RE-APJ-GAD-JULIOANDRADE-CARCHI-2025-001","EC-RUC-0401712104001-1252476","MAFLA MUNALA VICTOR ANDRES"
"ocds-5wno2w-RE-APJ-CEMMI-2025-001-248959","RE-APJ-CEMMI-2025-001-248959-2025-06-19T16:56:32.221Z-compiled","8166149-RE-APJ-CEMMI-2025-001","EC-RUC-1000790673001-1233890","ESPINOSA ERAZO GALO RODRIGO"
"ocds-5wno2w-RE-APJ-CBCLA-2025-01-87780","RE-APJ-CBCLA-2025-01-87780-2025-06-27T16:25:44.349Z-compiled","8177331-RE-APJ-CBCLA-2025-01","EC-RUC-0300820073001-728260","GOMEZ CRESPO WILSON PATRICIO"
"ocds-5wno2w-RE-APJ-EPCBM-2025-00001-367572","RE-APJ-EPCBM-2025-00001-367572-2025-08-14T17:42:37.258Z-compiled","8259280-RE-APJ-EPCBM-2025-00001","EC-RUC-0911562031001-1254524","BASANTES SANCHEZ PABLO ANTONIO"
"ocds-5wno2w-RE-APJ-GADM-IBARRA-2025-012-2783","RE-APJ-GADM-IBARRA-2025-012-2783-2025-08-12T22:45:29.603Z-compiled","8259343-RE-APJ-GADM-IBARRA-2025-012","EC-RUC-0400622064001-954945","LOPEZ JACOME NELSON FERNANDO"
"ocds-5wno2w-RE-APJ-BCE-2025-001-2457","RE-APJ-BCE-2025-001-2457-2025-10-17T19:46:34.084Z-compiled","8427485-RE-APJ-BCE-2025-001","EC-RUC-1792299209001-340999","DURINI & GUERRERO ABOGADOS CIA LTDA"
"ocds-5wno2w-RE-APJ-CBMM-2025-008-22249","RE-APJ-CBMM-2025-008-22249-2025-08-12T22:34:14.118Z-compiled","8248212-RE-APJ-CBMM-2025-008","EC-RUC-0704423375001-1173061","RAMIREZ ASTUDILLO CARLOS ALBERTO"
"ocds-5wno2w-RE-APJ-EPMHVR-2025-002-734536","RE-APJ-EPMHVR-2025-002-734536-2025-09-02T19:12:58.823Z-compiled","8359042-RE-APJ-EPMHVR-2025-002","EC-RUC-1792320763001-445971","BALLARD & BALLARD ECUADOR LEGAL SERVICES S.A"
"ocds-5wno2w-RE-APJ-ESPOCH-2025-03-53390","RE-APJ-ESPOCH-2025-03-53390-2025-09-10T20:09:44.614Z-compiled","8357206-RE-APJ-ESPOCH-2025-03","EC-RUC-1720403474001-1211108","BENAVIDES MEJIA ANDRE MAURICIO"
"ocds-5wno2w-RE-APJ-STCTEA-2025-001-918125","RE-APJ-STCTEA-2025-001-918125-2025-09-12T19:12:03.418Z-compiled","8362159-RE-APJ-STCTEA-2025-001","EC-RUC-1600629297001-1165050","TORRES ALTAMIRANO ALEJANDRO BOLIVAR"
"ocds-5wno2w-RE-APJ-UNACH-2025-002-124774","RE-APJ-UNACH-2025-002-124774-2025-09-16T19:10:53.827Z-compiled","8367844-RE-APJ-UNACH-2025-002","EC-RUC-1791950836001-54818","ESTUDIO JURIDICO MORALES & ANDRADE ASOCIADOS CIA. LTDA."
