"ocid","release_id","id","title","description","status","procuringEntity_id","procuringEntity_name","value_amount","value_currency","procurementMethod","procurementMethodDetails","mainProcurementCategory","awardCriteria","tenderPeriod_startDate","tenderPeriod_endDate","tenderPeriod_maxExtentDate","tenderPeriod_durationInDays","enquiryPeriod_startDate","enquiryPeriod_endDate","enquiryPeriod_maxExtentDate","enquiryPeriod_durationInDays","hasEnquiries","eligibilityCriteria","awardPeriod_startDate","awardPeriod_endDate","awardPeriod_maxExtentDate","awardPeriod_durationInDays","numberOfTenderers"
"ocds-5wno2w-RE-APJ-ASTEP-2025-028-402850","RE-APJ-ASTEP-2025-028-402850-2025-04-25T12:47:12.269Z-compiled","RE-APJ-ASTEP-2025-028-402850","RE-APJ-ASTEP-2025-028-402850","CONTRATACIÓN DE PATROCINIO JUDICIAL PARA LA IMPUGNACIÓN DE MULTAS DE LOS HITOS 3 Y 5 PROVENIENTES DEL CONTRATO NO. 2019-C-005 Y SU MODIFICATORIO – PROYECTO ALPHA-","active","EC-RUC-0968594300001-402850","ASTILLEROS NAVALES ECUATORIANOS - ASTINAVE EP  -","331340.97","USD","direct","Asesoría y Patrocinio Jurídico","services","ratedCriteria","2025-03-25T09:00:00-05:00","2025-03-31T15:00:00-05:00","2025-03-31T15:00:00-05:00","6","2025-03-25T09:00:00-05:00","","","","TRUE","Oferta Económica,Experiencia Específica,Experiencia Personal Técnico","","2025-04-04T18:00:00-05:00","2025-04-04T18:00:00-05:00","","1"
"ocds-5wno2w-RE-APJ-ESPAMMFL-2025-01-25643","RE-APJ-ESPAMMFL-2025-01-25643-2025-06-27T16:22:50.900Z-compiled","RE-APJ-ESPAMMFL-2025-01-25643","RE-APJ-ESPAMMFL-2025-01-25643","CONTRATACIÓN DE LOS SERVICIOS DE PATROCINIO Y ASESORAMIENTO JURÍDICO EN PROCEDIMIENTOS LEGALES, JUDICIALES Y EXTRAJUDICIALES DE LA ESCUELA SUPERIOR POLITÉCNICA AGROPECUARIA DE MANABÍ MANUEL FÉLIX LÓPEZ","active","EC-RUC-1360023840001-25643","Escuela Superior Politecnica Agropecuaria de Manabi ""Manuel Felix Lopez""","150000.00","USD","direct","Asesoría y Patrocinio Jurídico","services","ratedCriteria","2025-02-12T18:30:00-05:00","2025-02-14T10:00:00-05:00","2025-02-14T10:00:00-05:00","1","2025-02-12T18:30:00-05:00","","","","","Experiencia,Otros Parámetros de Calificación,Cumplimiento Especificaciones,Experiencia Personal Técnico","","2025-02-17T17:30:00-05:00","2025-02-17T17:30:00-05:00","","1"
"ocds-5wno2w-RE-APJ-CELECEP-2025-1004-238940","RE-APJ-CELECEP-2025-1004-238940-2025-03-19T12:12:32.130Z-compiled","RE-APJ-CELECEP-2025-1004-238940","RE-APJ-CELECEP-2025-1004-238940","MAT CONTRATACIÓN DEL SERVICIO DE ASISTENCIA JURÍDICA, REPRESENTACIÓN Y PATROCINIO EN EL PROCESO ARBITRAL NRO. 158-24","active","EC-RUC-1768152800001-238940","CORPORACION ELECTRICA DEL ECUADOR CELEC EP.","500000.00","USD","direct","Asesoría y Patrocinio Jurídico","services","ratedCriteria","2025-02-05T14:00:00-05:00","2025-02-21T14:00:00-05:00","2025-02-21T14:00:00-05:00","16","2025-02-05T14:00:00-05:00","","","","","Ponderación Variable Producción Nacional Otros,Cumplimiento Especificaciones,Personal Técnico,Experiencia Específica,Experiencia Personal Técnico","","2025-02-25T14:00:00-05:00","2025-02-25T14:00:00-05:00","","1"
"ocds-5wno2w-RE-APJ-EPCH-2025-00001-329706","RE-APJ-EPCH-2025-00001-329706-2025-03-25T11:42:19.289Z-compiled","RE-APJ-EPCH-2025-00001-329706","RE-APJ-EPCH-2025-00001-329706","CONTRATACIÓN DE SERVICIOS DE ASESORIA JURÍDICA, LEGAL Y REPRESENTACIÓN EN PROCESOS JURIDICOS CON UN ABOGADO ESPECIALIZADO PARA LA EMPRESA PUBLICA DEL COMPLEJO TURISTICO DE CHACHIMBIRO","active","EC-RUC-1060032030001-329706","EMPRESA PUBLICA DEL COMPLEJO TURISTICO DE CHACHIMBIRO","6000.00","USD","direct","Asesoría y Patrocinio Jurídico","services","ratedCriteria","2025-03-10T11:00:00-05:00","2025-03-12T12:00:00-05:00","2025-03-12T12:00:00-05:00","2","2025-03-10T11:00:00-05:00","","","","","Experiencia,Oferta Económica,Otros Parámetros de Calificación,Cumplimiento Especificaciones,Equipo Propuesto,Personal Técnico,Experiencia Personal Técnico","","2025-03-18T14:00:00-05:00","2025-03-18T14:00:00-05:00","","1"
"ocds-5wno2w-RE-APJ-EPMRQ-2025-001-289323","RE-APJ-EPMRQ-2025-001-289323-2025-03-20T12:42:14.026Z-compiled","RE-APJ-EPMRQ-2025-001-289323","RE-APJ-EPMRQ-2025-001-289323","?CONTRATACIÓN DE PATROCINIO JURÍDICO, ASESORÍA Y SUSTANCIACIÓN EN LA ACCIÓN PÚBLICA DE INCONSTITUCIONALIDAD N 82-24-IN, PRESENTADA POR LA ASOCIACIÓN DE PORCICULTORES","active","EC-RUC-1768157280001-289323","EMPRESA PUBLICA METROPOLITANA DE RASTRO QUITO","15000.00","USD","direct","Asesoría y Patrocinio Jurídico","services","ratedCriteria","2025-03-13T18:30:00-05:00","2025-03-17T11:00:00-05:00","2025-03-17T11:00:00-05:00","3","2025-03-13T18:30:00-05:00","","","","TRUE","Otros Parámetros de Calificación,Cumplimiento Especificaciones,Experiencia General","","2025-03-18T17:00:00-05:00","2025-03-18T17:00:00-05:00","","1"
"ocds-5wno2w-RE-APJ-GADPNAM-2025-001-112708","RE-APJ-GADPNAM-2025-001-112708-2025-04-16T12:41:41.695Z-compiled","RE-APJ-GADPNAM-2025-001-112708","RE-APJ-GADPNAM-2025-001-112708","ASESORÍA Y PATROCINIO JURÍDICO PARA EL PROCESO LEGAL Nro.: 11308-2024-00184 DEL GOBIERNO AUTÓNONOMO DESCENTRALIZADO DE LA PARROQUIA NAMBACOLA","active","EC-RUC-1160024500001-112708","GOBIERNO AUTONOMO DESCENTRALIZADO PARROQUIAL DE NAMBACOLA","3000.00","USD","direct","Asesoría y Patrocinio Jurídico","services","ratedCriteria","2025-04-07T17:00:00-05:00","2025-04-11T17:00:00-05:00","2025-04-11T17:00:00-05:00","4","2025-04-07T17:00:00-05:00","","","","","Personal Técnico,Experiencia General,Experiencia Específica","","2025-04-17T17:00:00-05:00","2025-04-17T17:00:00-05:00","","1"
"ocds-5wno2w-RE-APJ-BIESS-2025-002-278089","RE-APJ-BIESS-2025-002-278089-2025-05-17T12:56:17.124Z-compiled","RE-APJ-BIESS-2025-002-278089","RE-APJ-BIESS-2025-002-278089","ASESORíA LEGAL Y PATROCINIO JURÍDICO PARA LA DEFENSA DE LOS INTERESES  INSTITUCIONALES DEL BIESS DENTRO DEL PROCESO DE ARBITRAJE Y CONCILIACIÓN ARBITRAJE NO. 006-24, PROPUESTO POR LA EMPRESA SEGUROS SUCRE S.A. QUE SE LLEVA A CABO EN EL CENTRO DE ARBI","active","EC-RUC-1768156470001-278089","BANCO DEL INSTITUTO ECUATORIANO DE SEGURIDAD SOCIAL","137000.00","USD","direct","Asesoría y Patrocinio Jurídico","services","ratedCriteria","2025-04-08T20:00:00-05:00","2025-04-11T12:00:00-05:00","2025-04-11T12:00:00-05:00","2","2025-04-08T20:00:00-05:00","","","","TRUE","Otros Parámetros de Calificación","","2025-04-23T20:00:00-05:00","2025-04-23T20:00:00-05:00","","1"
"ocds-5wno2w-RE-APJ-UTN-2025-01-83514","RE-APJ-UTN-2025-01-83514-2025-04-10T12:40:12.371Z-compiled","RE-APJ-UTN-2025-01-83514","RE-APJ-UTN-2025-01-83514","CONTRATACIÓN DEL SERVICIO DE PATROCINIO JURÍDICO A FAVOR DE LA UNIVERSIDAD TÉCNICA DEL NORTE PARA PROCESOS JUDICIALES ANTE EL TRIBUNAL CONTENCIOSO ADMINISTRATIVO","active","EC-RUC-1060001070001-83514","Universidad Técnica del Norte","210000.00","USD","direct","Asesoría y Patrocinio Jurídico","services","ratedCriteria","2025-03-26T18:30:00-05:00","2025-04-03T11:00:00-05:00","2025-04-03T11:00:00-05:00","7","2025-03-26T18:30:00-05:00","","","","TRUE","Equipo Propuesto,Experiencia General,Experiencia Específica,Experiencia Personal Técnico","","2025-04-15T18:00:00-05:00","2025-04-15T18:00:00-05:00","","1"
"ocds-5wno2w-RE-APJ-ARCONEL2025-004-1215959","RE-APJ-ARCONEL2025-004-1215959-2025-03-28T11:49:43.124Z-compiled","RE-APJ-ARCONEL2025-004-1215959","RE-APJ-ARCONEL2025-004-1215959","CONTRATACIÓN DE ASESORÍA LEGAL Y PATROCINIO JURÍDICO PARA LA DEFENSA DE LOS INTERESES INSTITUCIONALES DE LA AGENCIA DE REGULACIÓN Y CONTROL DE ELECTRICIDAD, DENTRO DEL PROCESO DE ARBITRAJE NRO. 158-24, PROPUESTO POR LA COMPAÑÍA INTERVISATRADE S.A. QU","active","EC-RUC-1798194867001-1215959","AGENCIA DE REGULACION Y CONTROL DE ELECTRICIDAD","350000.00","USD","direct","Asesoría y Patrocinio Jurídico","services","ratedCriteria","2025-03-17T08:00:00-05:00","2025-03-18T15:00:00-05:00","2025-03-18T15:00:00-05:00","1","2025-03-17T08:00:00-05:00","","","","","Otros Parámetros de Calificación,Cumplimiento Especificaciones,Experiencia General,Experiencia Específica","","2025-03-19T16:00:00-05:00","2025-03-19T16:00:00-05:00","","1"
"ocds-5wno2w-RE-APJ-GADPN-2025-001-58415","RE-APJ-GADPN-2025-001-58415-2025-04-03T12:02:05.627Z-compiled","RE-APJ-GADPN-2025-001-58415","RE-APJ-GADPN-2025-001-58415","CONTRATACIÓN DE SERVICIOS DE ASESORAMIENTO Y REPRESENTACION JURIDICOS EN PROCEDIMIENTOS JUDICIALES RELATIVOS A OTRAS ESFERAS DE DERECHO, ASESORIA Y PATROCINIO JURIDICO","complete","EC-RUC-1560000190001-58415","GAD PROVINCIAL DE NAPO","10000.00","USD","direct","Asesoría y Patrocinio Jurídico","services","ratedCriteria","2025-03-21T17:00:00-05:00","2025-03-26T11:00:00-05:00","2025-03-26T11:00:00-05:00","4","2025-03-21T17:00:00-05:00","","","","","Otros Parámetros de Calificación,Experiencia General,Experiencia Específica,Experiencia Personal Técnico","","2025-03-31T11:00:00-05:00","2025-03-31T11:00:00-05:00","","1"
"ocds-5wno2w-RE-APJ-GAD-MCS-2025-01-57127","RE-APJ-GAD-MCS-2025-01-57127-2025-04-22T12:19:06.159Z-compiled","RE-APJ-GAD-MCS-2025-01-57127","RE-APJ-GAD-MCS-2025-01-57127","PRESTACIÓN DE SERVICIOS DE UN ABOGADO ESPECIALISTA EN DERECHO CONSTITUCIONAL A FIN DE QUE SE REPRESENTE A LA MUNICIPALIDAD EN LA DEFENSA DE LOS DERECHOS E INTERESES DENTRO DE LOS PROCESOS CIVILES, MERCANTILES, LABORALES, PENALES, ADUANEROS, MARÍTIMOS","active","EC-RUC-0960001460001-57127","GOBIERNO AUTONOMO DESCENTRALIZADO MUNICIPAL DEL CANTON SAMBORONDON","100000.00","USD","direct","Asesoría y Patrocinio Jurídico","services","ratedCriteria","2025-04-01T13:30:00-05:00","2025-04-09T13:00:00-05:00","2025-04-09T13:00:00-05:00","7","2025-04-01T13:30:00-05:00","","","","","Equipo Propuesto,Personal Técnico,Experiencia General,Experiencia Específica","","2025-04-17T16:00:00-05:00","2025-04-17T16:00:00-05:00","","1"
"ocds-5wno2w-RE-APJ-CFNGYE-2025-001-2469","RE-APJ-CFNGYE-2025-001-2469-2025-06-07T15:46:38.685Z-compiled","RE-APJ-CFNGYE-2025-001-2469","RE-APJ-CFNGYE-2025-001-2469","Servicio de Patrocinio Jurídico en Proceso de Nulidad Absoluta de Contrato de Dación en Pago y Nulidad de Escritura Pública","active","EC-RUC-1760003090001-2469","CORPORACION FINANCIERA NACIONAL B.P.","173913.04","USD","direct","Asesoría y Patrocinio Jurídico","services","ratedCriteria","2025-04-16T17:00:00-05:00","2025-04-25T15:00:00-05:00","2025-04-25T15:00:00-05:00","8","2025-04-16T17:00:00-05:00","","","","TRUE","Experiencia,Otros Parámetros de Calificación","","2025-05-12T17:00:00-05:00","2025-05-12T17:00:00-05:00","","1"
"ocds-5wno2w-RE-APJ-EMOVPA-2025-00001-835371","RE-APJ-EMOVPA-2025-00001-835371-2025-05-21T15:10:21.427Z-compiled","RE-APJ-EMOVPA-2025-00001-835371","RE-APJ-EMOVPA-2025-00001-835371","CONTRATACIÓN DE PATROCINIOJURÍDICO, ASESORÍA Y SUSTANCIACIÓNDE LA EMOVPAUTE-EP ANTE EL TCA","active","EC-RUC-0160062620001-835371","EMPRESA PUBLICA MUNICIPAL DE MOVILIDAD DEL CANTON PAUTE EMOVPAUTE EP","10000.00","USD","direct","Asesoría y Patrocinio Jurídico","services","ratedCriteria","2025-05-08T17:00:00-05:00","2025-05-12T13:00:00-05:00","2025-05-12T13:00:00-05:00","3","2025-05-08T17:00:00-05:00","","","","","Experiencia,Otros Parámetros de Calificación,Cumplimiento Especificaciones,Personal Técnico","","2025-05-13T15:00:00-05:00","2025-05-13T15:00:00-05:00","","1"
"ocds-5wno2w-RE-APJ-UTLVTE-2025-001-75445","RE-APJ-UTLVTE-2025-001-75445-2025-05-21T15:12:09.762Z-compiled","RE-APJ-UTLVTE-2025-001-75445","RE-APJ-UTLVTE-2025-001-75445","CONTRATACIÓN DE SERVICIO DEASESORIA Y PATROCINIO JURÍDICO EN PROCESO JUDICIALES, CONSTITUCIONALES Y EN PROCESOSADMINISTRATIVOS DE LA UTLVTE","active","EC-RUC-0860000830001-75445","Universidad Técnica Luis Vargas Torres","15000.00","USD","direct","Asesoría y Patrocinio Jurídico","services","ratedCriteria","2025-04-22T13:00:00-05:00","2025-04-25T13:00:00-05:00","2025-04-25T13:00:00-05:00","3","2025-04-22T13:00:00-05:00","","","","","Experiencia General,Experiencia Específica","","2025-04-30T13:00:00-05:00","2025-04-30T13:00:00-05:00","","1"
"ocds-5wno2w-RE-APJ-EPMT-SD-2025-01-479584","RE-APJ-EPMT-SD-2025-01-479584-2025-06-07T15:48:46.763Z-compiled","RE-APJ-EPMT-SD-2025-01-479584","RE-APJ-EPMT-SD-2025-01-479584","SERVICIOS DE ASESORÍA Y PATROCINIO JURÍDICO ESPECIALIZADO","active","EC-RUC-2360005400001-479584","EMPRESA PUBLICA MUNICIPAL DE TRANSPORTE TERRESTRE, TRANSITO, SEGURIDAD VIAL Y TERMINALES TERRESTRES DE SANTO DOMINGO EPMT-SD","150000.00","USD","direct","Asesoría y Patrocinio Jurídico","services","ratedCriteria","2025-04-30T12:00:00-05:00","2025-05-09T12:00:00-05:00","2025-05-09T12:00:00-05:00","9","2025-04-30T12:00:00-05:00","","","","TRUE","Experiencia,Metodología y Cronograma,Personal Técnico","","2025-05-22T17:12:00-05:00","2025-05-22T17:12:00-05:00","","1"
"ocds-5wno2w-RE-APJ-UTN-2025-04-83514","RE-APJ-UTN-2025-04-83514-2025-07-09T17:50:11.755Z-compiled","RE-APJ-UTN-2025-04-83514","RE-APJ-UTN-2025-04-83514","CONTRATACIÓN DEL SERVICIO DE PATROCINIO JURÍDICO A FAVOR DE LA UNIVERSIDAD TÉCNICA DEL NORTE PARA PROCESOS JUDICIALES ANTE EL TRIBUNAL CONTENCIOSO ADMINISTRATIVO","active","EC-RUC-1060001070001-83514","Universidad Técnica del Norte","210000.00","USD","direct","Asesoría y Patrocinio Jurídico","services","ratedCriteria","2025-05-19T18:00:00-05:00","2025-05-29T11:00:00-05:00","2025-05-29T11:00:00-05:00","9","2025-05-19T18:00:00-05:00","","","","TRUE","Personal Técnico,Experiencia General,Experiencia Específica,Experiencia Personal Técnico","","2025-06-09T18:00:00-05:00","2025-06-09T18:00:00-05:00","","1"
"ocds-5wno2w-RE-APJ-UNACH-2025-001-124774","RE-APJ-UNACH-2025-001-124774-2025-07-07T17:57:40.856Z-compiled","RE-APJ-UNACH-2025-001-124774","RE-APJ-UNACH-2025-001-124774","CONTRATACIÓN DEL SERVICIO DE ASESORÍA Y PATROCINIO JURÍDICO EXTERNO ESPECIALIZADO EN LITIGIOS DE CONTRATACIÓN PÚBLICA, CONTENCIOSO ADMINISTRATIVO Y CONSTITUCIONAL PARA LA DEFENSA DE LOS INTERESES INSTITUCIONALES DE LA UNACH, AÑO 2025","active","EC-RUC-0660001840001-124774","Universidad Nacional de Chimborazo","25000.00","USD","direct","Asesoría y Patrocinio Jurídico","services","ratedCriteria","2025-06-26T17:00:00-05:00","2025-07-02T14:00:00-05:00","2025-07-02T14:00:00-05:00","5","2025-06-26T17:00:00-05:00","","","","","Experiencia,Oferta Económica,Cumplimiento Especificaciones","","2025-07-09T18:00:00-05:00","2025-07-09T18:00:00-05:00","","1"
"ocds-5wno2w-RE-APJ-RIELESDEMONAY-2025-00001-260566","RE-APJ-RIELESDEMONAY-2025-00001-260566-2025-05-21T15:12:14.775Z","RE-APJ-RIELESDEMONAY-2025-00001-260566","RE-APJ-RIELESDEMONAY-2025-00001-260566","Servicio de Patrocinio Jurídico en Proceso Arbitral contra el Fideicomiso Mercantil Rieles de Monay administrado por la Corporación Financiera Nacional B.P.","complete","EC-RUC-1792237262001-260566","Fideicomiso Rieles de Monay","11900.00","USD","direct","Asesoría y Patrocinio Jurídico","services","ratedCriteria","2025-05-15T12:30:00-05:00","2025-05-19T20:00:00-05:00","2025-05-19T20:00:00-05:00","4","2025-05-15T12:30:00-05:00","","","","","Experiencia General,Experiencia Específica","","2025-05-20T16:30:00-05:00","2025-05-20T16:30:00-05:00","","1"
"ocds-5wno2w-RE-APJ-ETAPA-2025-01-312203","RE-APJ-ETAPA-2025-01-312203-2025-06-11T15:50:20.514Z-compiled","RE-APJ-ETAPA-2025-01-312203","RE-APJ-ETAPA-2025-01-312203","DISEÑO DE ESTRATEGIA E INTERPOSICIONES DE ACCIONES Y GARANTÍAS CONSTITUCIONALES Y ADMINISTRATIVAS EN DEFENSA DEL DERECHO FUNDAMENTAL AL AGUA EN EL CANTÓN CUENCA","active","EC-RUC-0160050020001-312203","Empresa Pública Municipal de Telecomunicaciones, Agua Potable, Alcantarillado y Saneamiento de Cuenca ETAPA EP","30000.00","USD","direct","Asesoría y Patrocinio Jurídico","services","ratedCriteria","2025-05-21T18:00:00-05:00","2025-05-29T10:00:00-05:00","2025-05-29T10:00:00-05:00","7","2025-05-21T18:00:00-05:00","","","","","Otros Parámetros de Calificación,Personal Técnico,Experiencia General,Experiencia Específica,Experiencia Personal Técnico","","2025-06-13T18:00:00-05:00","2025-06-13T18:00:00-05:00","","1"
"ocds-5wno2w-RE-APJ-EMAPAG-EP-2025-27-439831","RE-APJ-EMAPAG-EP-2025-27-439831-2025-06-26T16:27:36.415Z-compiled","RE-APJ-EMAPAG-EP-2025-27-439831","RE-APJ-EMAPAG-EP-2025-27-439831","SERVICIO DE ASESORAMIENTO LEGAL ESPECIALIZADO EN MATERIA DE MEDIACIÓN Y ARBITRAJE, DERECHO ADMINISTRATIVO, DERECHO SOCIETARIO, DERECHO CONSTITUCIONAL, DERECHO CIVIL.","active","EC-RUC-0968595970001-439831","EMPRESA MUNICIPAL DE AGUA POTABLE Y ALCANTARILLADO DE GUAYAQUIL EP - EMAPAG EP","36000.00","USD","direct","Asesoría y Patrocinio Jurídico","services","ratedCriteria","2025-06-10T17:00:00-05:00","2025-06-13T14:00:00-05:00","2025-06-13T14:00:00-05:00","2","2025-06-10T17:00:00-05:00","","","","","Oferta Económica,Personal Técnico,Experiencia Específica","","2025-06-18T17:00:00-05:00","2025-06-18T17:00:00-05:00","","1"
"ocds-5wno2w-RE-APJ-GAD-JULIOANDRADE-CARCHI-2025-001-176401","RE-APJ-GAD-JULIOANDRADE-CARCHI-2025-001-176401-2025-06-11T15:50:20.151Z-compiled","RE-APJ-GAD-JULIOANDRADE-CARCHI-2025-001-176401","RE-APJ-GAD-JULIOANDRADE-CARCHI-2025-001-176401","CONTRATAR UN SERVICIO DE ASESORÍA Y PATROCINIO JURÍDICO PARA EL GAD PARROQUIAL DE JULIO ANDRADE","active","EC-RUC-0460022020001-176401","Junta Parroquial de Julio Andrade","500.00","USD","direct","Asesoría y Patrocinio Jurídico","services","ratedCriteria","2025-05-19T18:00:00-05:00","2025-05-26T10:00:00-05:00","2025-05-26T10:00:00-05:00","6","2025-05-19T18:00:00-05:00","","","","","Cumplimiento Especificaciones,Experiencia General,Experiencia Específica","","2025-05-27T17:00:00-05:00","2025-05-27T17:00:00-05:00","","1"
"ocds-5wno2w-RE-APJ-CEMMI-2025-001-248959","RE-APJ-CEMMI-2025-001-248959-2025-06-19T16:56:32.221Z-compiled","RE-APJ-CEMMI-2025-001-248959","RE-APJ-CEMMI-2025-001-248959","CONTRATACIÓN DE UN ABOGADO EXPERTO EN DERECHO PENAL Y CIVIL PARA DAR SEGUIMIENTO A LA DEMANDA DE NULIDAD DE CONTRATO DEL PROCESO Nro 10333-2024-04548 Y REALIZAR LOS TRAMITES JURIDICOS NECESARIOS A FAVOR DE COMERCIBARRA","active","EC-RUC-1091704338001-248959","COMPAÑIA DE ECONOMIA MIXTA MERCADO MAYORISTA DE IBARRA COMERCIBARRA","2500.00","USD","direct","Asesoría y Patrocinio Jurídico","services","ratedCriteria","2025-06-09T17:30:00-05:00","2025-06-12T15:00:00-05:00","2025-06-12T15:00:00-05:00","2","2025-06-09T17:30:00-05:00","","","","","Cumplimiento Especificaciones,Experiencia General","","2025-06-16T15:00:00-05:00","2025-06-16T15:00:00-05:00","","1"
"ocds-5wno2w-RE-APJ-CBCLA-2025-01-87780","RE-APJ-CBCLA-2025-01-87780-2025-06-27T16:25:44.349Z-compiled","RE-APJ-CBCLA-2025-01-87780","RE-APJ-CBCLA-2025-01-87780","CONTRATACIÓN DE ASESORÍA Y PATROCINIO JURÍDICO PARA LA DEFENSA TÉCNICA DEL PROCESO DE ACCIÓN DE PROTECCIÓN DE LA CAUSA NRO.21201202500349 PROPUESTA POR CHÁVEZ CHÁVEZ GABRIELA ESTEFANY EX FUNCIONARIA DE LA UNIDAD DE TALENTO HUMANO DEL CUERPO DE BOMBER","active","EC-RUC-2160058640001-87780","CUERPO DE BOMBEROS DEL CANTON LAGO AGRIO","8000.00","USD","direct","Asesoría y Patrocinio Jurídico","services","ratedCriteria","2025-06-12T20:00:00-05:00","2025-06-16T20:00:00-05:00","2025-06-16T20:00:00-05:00","4","2025-06-12T20:00:00-05:00","","","","","Oferta Económica","","2025-06-23T20:00:00-05:00","2025-06-23T20:00:00-05:00","","1"
"ocds-5wno2w-RE-APJ-EPCBM-2025-00001-367572","RE-APJ-EPCBM-2025-00001-367572-2025-08-14T17:42:37.258Z-compiled","RE-APJ-EPCBM-2025-00001-367572","RE-APJ-EPCBM-2025-00001-367572","CONTRATACION DEL SERVICIO DE ASESORIA Y PATROCINIO JURIDICO PARA LA EMPRESA PUBLICA CUERPO DE BOMBEROS DE MILAGRO EP-CBM","active","EC-RUC-0968591390001-367572","Empresa Publica Cuerpo de Bomberos de Milagro EP-CBM","12000.00","USD","direct","Asesoría y Patrocinio Jurídico","services","ratedCriteria","2025-07-09T11:00:00-05:00","2025-07-16T11:00:00-05:00","2025-07-16T11:00:00-05:00","7","2025-07-09T11:00:00-05:00","","","","","Otros Parámetros de Calificación,Cumplimiento Especificaciones,Experiencia General,Experiencia Específica","","2025-07-22T16:00:00-05:00","2025-07-22T16:00:00-05:00","","1"
"ocds-5wno2w-RE-APJ-GADM-IBARRA-2025-012-2783","RE-APJ-GADM-IBARRA-2025-012-2783-2025-08-12T22:45:29.603Z-compiled","RE-APJ-GADM-IBARRA-2025-012-2783","RE-APJ-GADM-IBARRA-2025-012-2783","PATROCINIO JURIDICO EN PROCEDIMIENTOS ADMINISTRATIVOS, TRIBUTARIOS Y CONSTITUCIONALES PARA EL GOBIERNO AUTÓNOMO DESCENTRALIZADO DE SAN MIGUEL DE IBARRA","active","EC-RUC-1060000260001-2783","GOBIERNO AUTONOMO DESCENTRALIZADO DE SAN MIGUEL DE IBARRA","60000.00","USD","direct","Asesoría y Patrocinio Jurídico","services","ratedCriteria","2025-07-10T14:00:00-05:00","2025-07-16T15:00:00-05:00","2025-07-16T15:00:00-05:00","6","2025-07-10T14:00:00-05:00","","","","TRUE","Oferta Económica,Cumplimiento Especificaciones,Equipo Propuesto,Personal Técnico,Experiencia General,Experiencia Personal Técnico","","2025-07-29T17:00:00-05:00","2025-07-29T17:00:00-05:00","","1"
"ocds-5wno2w-RE-APJ-BCE-2025-001-2457","RE-APJ-BCE-2025-001-2457-2025-10-17T19:46:34.084Z-compiled","RE-APJ-BCE-2025-001-2457","RE-APJ-BCE-2025-001-2457","PATROCINIO JUDICIAL Y ASESORÍA JURÍDICA ESPECIALIZADA PARA EL BANCO CENTRAL DEL ECUADOR","active","EC-RUC-1760002600001-2457","BANCO CENTRAL DEL ECUADOR","87996.00","USD","direct","Asesoría y Patrocinio Jurídico","services","ratedCriteria","2025-10-01T12:00:00-05:00","2025-10-08T12:00:00-05:00","2025-10-08T12:00:00-05:00","7","2025-10-01T12:00:00-05:00","","","","","Cumplimiento Especificaciones,Personal Técnico,Experiencia General,Experiencia Específica,Experiencia Personal Técnico","","2025-10-16T13:00:00-05:00","2025-10-16T13:00:00-05:00","","1"
"ocds-5wno2w-RE-APJ-CBMM-2025-008-22249","RE-APJ-CBMM-2025-008-22249-2025-08-12T22:34:14.118Z-compiled","RE-APJ-CBMM-2025-008-22249","RE-APJ-CBMM-2025-008-22249","CONTRATACIÓN DEL SERVICIO DE ASESORÍA Y PATROCINIO JURIDICOESPECIALIZADO EN DERECHO PENAL PARA EL CUERPO DE BOMBEROSMUNICIPAL DE MACHALA","active","EC-RUC-1768099810001-22249","CUERPO DE BOMBEROS MUNICIPAL DE MACHALA","15000.00","USD","direct","Asesoría y Patrocinio Jurídico","services","ratedCriteria","2025-07-07T17:00:00-05:00","2025-07-11T10:00:00-05:00","2025-07-11T10:00:00-05:00","3","2025-07-07T17:00:00-05:00","","","","","Oferta Económica,Cumplimiento Especificaciones,Personal Técnico,Experiencia General,Experiencia Personal Técnico","","2025-07-16T17:00:00-05:00","2025-07-16T17:00:00-05:00","","1"
"ocds-5wno2w-RE-APJ-EPMHVR-2025-002-734536","RE-APJ-EPMHVR-2025-002-734536-2025-09-02T19:12:58.823Z-compiled","RE-APJ-EPMHVR-2025-002-734536","RE-APJ-EPMHVR-2025-002-734536","Este procedimiento precontractual tiene como propósito seleccionar a la oferta de origen ecuatoriano, para la contratación de servicios de ASESORÍA JURÍDICA ESPECIALIZADA EN MATERIA DE DERECHO PÚBLICO, ADMINISTRATIVO Y CAPACIDADES ASOCIATIVAS PARA LA","active","EC-RUC-1768185060001-734536","EMPRESA PUBLICA MUNICIPAL DE HABITAT Y VIVIENDA DE RUMIÑAHUI","25000.00","USD","direct","Asesoría y Patrocinio Jurídico","services","ratedCriteria","2025-08-14T16:00:00-05:00","2025-08-20T16:00:00-05:00","2025-08-20T16:00:00-05:00","6","2025-08-14T16:00:00-05:00","","","","","Cumplimiento Especificaciones,Experiencia General,Experiencia Específica","","2025-08-26T17:00:00-05:00","2025-08-26T17:00:00-05:00","","1"
"ocds-5wno2w-RE-APJ-ESPOCH-2025-03-53390","RE-APJ-ESPOCH-2025-03-53390-2025-09-10T20:09:44.614Z-compiled","RE-APJ-ESPOCH-2025-03-53390","RE-APJ-ESPOCH-2025-03-53390","CONTRATACIÓN DEL SERVICIO DE ASESORÍA Y PATROCINIO EN MATERIA JURÍDICA REQUERIDA POR LA ESPOCH EN LAS CIUDADES QUE NO SEAN LA CIUDAD MATRIZ","active","EC-RUC-0660001250001-53390","ESCUELA SUPERIOR POLITECNICA DE CHIMBORAZO","27000.00","USD","direct","Asesoría y Patrocinio Jurídico","services","ratedCriteria","2025-08-14T18:00:00-05:00","2025-08-21T10:00:00-05:00","2025-08-21T10:00:00-05:00","6","2025-08-14T18:00:00-05:00","","","","","Oferta Económica,Otros Parámetros de Calificación,Cumplimiento Especificaciones,Experiencia Específica","","2025-09-08T18:00:00-05:00","2025-09-08T18:00:00-05:00","","1"
"ocds-5wno2w-RE-APJ-STCTEA-2025-001-918125","RE-APJ-STCTEA-2025-001-918125-2025-09-12T19:12:03.418Z-compiled","RE-APJ-STCTEA-2025-001-918125","RE-APJ-STCTEA-2025-001-918125","CONTRATACIÓN DEL SERVICIO DE ASESORÍA Y PATROCINIO JURÍDICO REQUERIDO POR LA DIRECCIÓN DE ASESORÍA JURÍDICA DE LA SECRETARÍA DE LA CIRCUNSCRIPCIÓN TERRITORIAL ESPECIAL AMAZÓNICA","active","EC-RUC-1660018700001-918125","SECRETARIA TECNICA DE LA CIRCUNSCRIPCION TERRITORIAL ESPECIAL AMAZONICA","13500.00","USD","direct","Asesoría y Patrocinio Jurídico","services","ratedCriteria","2025-08-22T10:00:00-05:00","2025-08-22T15:00:00-05:00","2025-08-22T15:00:00-05:00","","2025-08-22T10:00:00-05:00","","","","","Oferta Económica,Otros Parámetros de Calificación,Equipo Propuesto,Experiencia General,Experiencia Específica","","2025-08-28T17:00:00-05:00","2025-08-28T17:00:00-05:00","","1"
"ocds-5wno2w-RE-APJ-UNACH-2025-002-124774","RE-APJ-UNACH-2025-002-124774-2025-09-16T19:10:53.827Z-compiled","RE-APJ-UNACH-2025-002-124774","RE-APJ-UNACH-2025-002-124774","CONTRATACION DEL SERVICIO DE ASESORIA Y PATROCINIO JURIDICO EXTERNO ESPECIALIZADO EN LITIGIOS DE CONTRATACIÓN PÚBLICA, CONTENCIOSO ADMINISTRATIVO Y CONSTITUCIONAL PARA LA DEFENSA DE LOS INTERESES INSTITUCIONALES DE LA UNACH, AÑO 2025","active","EC-RUC-0660001840001-124774","Universidad Nacional de Chimborazo","25000.00","USD","direct","Asesoría y Patrocinio Jurídico","services","ratedCriteria","2025-08-22T17:00:00-05:00","2025-08-28T14:00:00-05:00","2025-08-28T14:00:00-05:00","5","2025-08-22T17:00:00-05:00","","","","TRUE","Oferta Económica,Personal Técnico,Experiencia General,Experiencia Específica,Experiencia Personal Técnico","","2025-09-11T18:00:00-05:00","2025-09-11T18:00:00-05:00","","1"
"ocds-5wno2w-RE-APJ-CFNGYE-2025-002-2469","RE-APJ-CFNGYE-2025-002-2469-2025-10-18T19:25:52.879Z-compiled","RE-APJ-CFNGYE-2025-002-2469","RE-APJ-CFNGYE-2025-002-2469","ASESORIA Y PATROCINIO JURÍDICO EN MATERIA PENAL","active","EC-RUC-1760003090001-2469","CORPORACION FINANCIERA NACIONAL B.P.","170000.00","USD","direct","Asesoría y Patrocinio Jurídico","services","ratedCriteria","2025-09-29T20:00:00-05:00","2025-10-07T15:00:00-05:00","2025-10-07T15:00:00-05:00","7","2025-09-29T20:00:00-05:00","","","","TRUE","Cumplimiento Especificaciones,Experiencia General,Experiencia Específica","","2025-10-27T17:00:00-05:00","2025-10-27T17:00:00-05:00","","1"
"ocds-5wno2w-RE-APJ-BCBG-2025-0016-2528","RE-APJ-BCBG-2025-0016-2528-2025-10-17T19:48:13.484Z-compiled","RE-APJ-BCBG-2025-0016-2528","RE-APJ-BCBG-2025-0016-2528","CONTRATACIÓN DE ASESORÍA JURIDICA RESPECTO AL ANÁLISIS Y APLICACIÓN DE TÉCNICA LEGISLATIVA AL PROYECTO DE LEY ORGÁNICA DE DEFENSA CONTRA INCENDIOS OBJETADA, ASÍ COMO RECOMENDACIONES SOBRE SU CONTENIDO","active","EC-RUC-0968514210001-2528","BENEMERITO CUERPO DE BOMBEROS DE GUAYAQUIL  ","39000.00","USD","direct","Asesoría y Patrocinio Jurídico","services","ratedCriteria","2025-09-30T18:00:00-05:00","2025-10-07T11:00:00-05:00","2025-10-07T11:00:00-05:00","6","2025-09-30T18:00:00-05:00","","","","TRUE","Ponderación Variable Producción Nacional Otros,Otros Parámetros de Calificación,Experiencia Específica","","2025-10-23T18:00:00-05:00","2025-10-23T18:00:00-05:00","","1"
